year_month,work_orders,revenue,total_cost,profit,profit_margin_pct,revenue_mom_growth_pct,cost_mom_growth_pct,profit_mom_growth_pct,cumulative_revenue
2025-01,678,2458386.22,1834099.3,624286.92,25.39,,,,2458386.22
2025-02,693,2198765.69,1621279.0,577486.69,26.26,-10.56,-11.6,-7.5,4657151.91
2025-03,847,2656345.5,1992157.4,664188.1,25.0,20.81,22.88,15.01,7313497.41
2025-04,816,3014149.32,2308783.3,705366.02,23.4,13.47,15.89,6.2,10327646.73
2025-05,960,3054401.99,2347567.2,706834.79,23.14,1.34,1.68,0.21,13382048.72
2025-06,1000,3472607.44,2638905.3,833702.14,24.01,13.69,12.41,17.95,16854656.16
2025-07,1141,3907484.27,2950502.1,956982.17,24.49,12.52,11.81,14.79,20762140.43
2025-08,1174,3846575.22,2948295.9,898279.32,23.35,-1.56,-0.07,-6.13,24608715.65
2025-09,1105,3533659.11,2674891.5,858767.61,24.3,-8.13,-9.27,-4.4,28142374.76
2025-10,1141,3774013.94,2873920.8,900093.14,23.85,6.8,7.44,4.81,31916388.7
2025-11,1089,3428247.28,2593602.8,834644.48,24.35,-9.16,-9.75,-7.27,35344635.98
2025-12,1058,3105736.97,2311474.6,794262.37,25.57,-9.41,-10.88,-4.84,38450372.95
2026-01,1165,3644572.14,2811511.9,833060.24,22.86,17.35,21.63,4.88,42094945.09
2026-02,1074,3241605.05,2443466.1,798138.95,24.62,-11.06,-13.09,-4.19,45336550.14
2026-03,1251,3771128.48,2841951.6,929176.88,24.64,16.34,16.31,16.42,49107678.62
2026-04,1275,4038983.43,3038259.4,1000724.03,24.78,7.1,6.91,7.7,53146662.05
2026-05,1353,4385548.47,3248087.6,1137460.87,25.94,8.58,6.91,13.66,57532210.52
2026-06,1503,5129562.66,3831000.1,1298562.56,25.32,16.97,17.95,14.16,62661773.18
2026-07,1665,5405912.55,4074758.1,1331154.45,24.62,5.39,6.36,2.51,68067685.73
2026-08,1595,5415307.07,4121740.1,1293566.97,23.89,0.17,1.15,-2.82,73482992.8
2026-09,1509,4755670.58,3606297.9,1149372.68,24.17,-12.18,-12.51,-11.15,78238663.38
