technician_id,center_id,skill_level,month,working_days,jobs,service_hours,qc_first_pass,comebacks_caused,available_hours,utilisation
T001,C001,Senior,2025-01,27,39,82.78,0.9230769230769231,1,189.0,0.438
T001,C001,Senior,2025-02,24,34,85.86,0.9117647058823529,1,168.0,0.5111
T001,C001,Senior,2025-03,26,43,90.71,0.9534883720930233,0,182.0,0.4984
T001,C001,Senior,2025-04,26,37,87.36,0.972972972972973,4,182.0,0.48
T001,C001,Senior,2025-05,27,47,90.58,0.9574468085106383,1,189.0,0.4793
T001,C001,Senior,2025-06,25,47,94.15,0.9361702127659575,2,175.0,0.538
T001,C001,Senior,2025-07,27,62,120.81,0.9032258064516129,2,189.0,0.6392
T001,C001,Senior,2025-08,26,62,131.46,0.9838709677419355,5,182.0,0.7223
T001,C001,Senior,2025-09,26,55,131.06,0.9090909090909091,4,182.0,0.7201
T001,C001,Senior,2025-10,27,55,113.37,1.0,2,189.0,0.5998
T001,C001,Senior,2025-11,25,49,114.39,0.9591836734693877,1,175.0,0.6537
T001,C001,Senior,2025-12,27,63,130.86,0.9365079365079365,2,189.0,0.6924
T001,C001,Senior,2026-01,27,61,130.19,0.9672131147540983,4,189.0,0.6888
T001,C001,Senior,2026-02,24,61,137.36,0.9344262295081968,3,168.0,0.8176
T001,C001,Senior,2026-03,26,61,133.39,1.0,3,182.0,0.7329
T001,C001,Senior,2026-04,26,59,115.98,0.9661016949152542,4,182.0,0.6373
T001,C001,Senior,2026-05,26,63,148.17,0.9523809523809523,1,182.0,0.8141
T001,C001,Senior,2026-06,26,73,149.76,1.0,7,182.0,0.8229
T001,C001,Senior,2026-07,27,84,185.0,0.9285714285714286,4,189.0,0.9788
T001,C001,Senior,2026-08,26,74,166.41,0.9594594594594594,1,182.0,0.9143
T001,C001,Senior,2026-09,26,72,161.31,0.8888888888888888,1,182.0,0.8863
T002,C001,Junior,2025-01,27,47,125.06,0.9361702127659575,1,189.0,0.6617
T002,C001,Junior,2025-02,24,43,105.13,0.7674418604651163,3,168.0,0.6258
T002,C001,Junior,2025-03,26,48,109.29,0.9375,2,182.0,0.6005
T002,C001,Junior,2025-04,26,53,125.14,0.9622641509433962,3,182.0,0.6876
T002,C001,Junior,2025-05,27,66,148.93,0.9242424242424242,5,189.0,0.788
T002,C001,Junior,2025-06,25,61,138.23,0.9180327868852459,5,175.0,0.7899
T002,C001,Junior,2025-07,27,74,175.25,0.8918918918918919,3,189.0,0.9272
T002,C001,Junior,2025-08,26,71,165.48,0.9014084507042254,4,182.0,0.9092
T002,C001,Junior,2025-09,26,67,166.49,0.8955223880597015,1,182.0,0.9148
T002,C001,Junior,2025-10,27,71,166.22,0.9436619718309859,3,189.0,0.8795
T002,C001,Junior,2025-11,25,72,154.65,0.9444444444444444,8,175.0,0.8837
T002,C001,Junior,2025-12,27,73,182.36,0.863013698630137,3,189.0,0.9649
T002,C001,Junior,2026-01,27,71,169.43,0.9014084507042254,5,189.0,0.8965
T002,C001,Junior,2026-02,24,74,179.21,0.9324324324324325,7,168.0,1.0667
T002,C001,Junior,2026-03,26,79,186.48,0.9113924050632911,1,182.0,1.0246
T002,C001,Junior,2026-04,26,85,204.51,0.8588235294117647,1,182.0,1.1237
T002,C001,Junior,2026-05,26,67,169.92,0.8805970149253731,3,182.0,0.9336
T002,C001,Junior,2026-06,26,86,195.5,0.9302325581395349,8,182.0,1.0742
T002,C001,Junior,2026-07,27,104,245.99,0.9134615384615384,6,189.0,1.3015
T002,C001,Junior,2026-08,26,98,241.7,0.9081632653061225,9,182.0,1.328
T002,C001,Junior,2026-09,26,82,192.37,0.9024390243902439,2,182.0,1.057
T003,C001,Mid,2025-01,27,42,100.8,0.9285714285714286,2,189.0,0.5333
T003,C001,Mid,2025-02,24,34,71.02,0.9705882352941176,1,168.0,0.4227
T003,C001,Mid,2025-03,26,46,108.88,0.9782608695652174,0,182.0,0.5982
T003,C001,Mid,2025-04,26,56,123.89,0.875,2,182.0,0.6807
T003,C001,Mid,2025-05,27,68,139.55,0.9117647058823529,3,189.0,0.7384
T003,C001,Mid,2025-06,25,52,109.72,0.9230769230769231,2,175.0,0.627
T003,C001,Mid,2025-07,27,63,137.01,0.8888888888888888,4,189.0,0.7249
T003,C001,Mid,2025-08,26,79,168.05,0.9113924050632911,2,182.0,0.9234
T003,C001,Mid,2025-09,26,66,144.22,0.9545454545454546,2,182.0,0.7924
T003,C001,Mid,2025-10,27,63,138.21,0.8888888888888888,2,189.0,0.7313
T003,C001,Mid,2025-11,25,60,129.39,0.95,5,175.0,0.7394
T003,C001,Mid,2025-12,27,67,164.1,0.8805970149253731,4,189.0,0.8683
T003,C001,Mid,2026-01,27,65,142.7,0.9384615384615385,4,189.0,0.755
T003,C001,Mid,2026-02,24,69,150.43,0.9710144927536232,2,168.0,0.8954
T003,C001,Mid,2026-03,26,60,125.51,0.95,2,182.0,0.6896
T003,C001,Mid,2026-04,26,78,188.07,0.9487179487179487,5,182.0,1.0334
T003,C001,Mid,2026-05,26,75,154.16,0.9466666666666667,1,182.0,0.847
T003,C001,Mid,2026-06,26,83,179.59,0.9156626506024096,3,182.0,0.9868
T003,C001,Mid,2026-07,27,95,199.34,0.9578947368421052,5,189.0,1.0547
T003,C001,Mid,2026-08,26,96,205.64,0.9583333333333334,4,182.0,1.1299
T003,C001,Mid,2026-09,26,94,204.21,0.9574468085106383,3,182.0,1.122
T004,C002,Senior,2025-01,27,29,58.36,0.9655172413793104,0,189.0,0.3088
T004,C002,Senior,2025-02,24,31,71.51,0.9354838709677419,2,168.0,0.4257
T004,C002,Senior,2025-03,26,45,99.37,0.9555555555555556,0,182.0,0.546
T004,C002,Senior,2025-04,26,40,84.84,0.925,3,182.0,0.4662
T004,C002,Senior,2025-05,27,57,104.51,0.9473684210526315,3,189.0,0.553
T004,C002,Senior,2025-06,25,55,115.34,0.9454545454545454,4,175.0,0.6591
T004,C002,Senior,2025-07,27,59,118.48,0.9322033898305084,4,189.0,0.6269
T004,C002,Senior,2025-08,26,59,129.19,0.9661016949152542,5,182.0,0.7098
T004,C002,Senior,2025-09,26,51,102.13,0.9215686274509803,4,182.0,0.5612
T004,C002,Senior,2025-10,27,48,91.54,1.0,0,189.0,0.4843
T004,C002,Senior,2025-11,25,53,105.42,0.9433962264150944,1,175.0,0.6024
T004,C002,Senior,2025-12,27,58,108.97,0.9310344827586207,0,189.0,0.5766
T004,C002,Senior,2026-01,27,56,108.54,0.9821428571428571,1,189.0,0.5743
T004,C002,Senior,2026-02,24,46,90.37,0.9782608695652174,1,168.0,0.5379
T004,C002,Senior,2026-03,26,73,145.79,0.9863013698630136,1,182.0,0.801
T004,C002,Senior,2026-04,26,67,120.68,0.9552238805970149,0,182.0,0.6631
T004,C002,Senior,2026-05,26,67,141.58,0.9850746268656716,2,182.0,0.7779
T004,C002,Senior,2026-06,26,76,142.98,0.9605263157894737,3,182.0,0.7856
T004,C002,Senior,2026-07,27,79,160.3,0.9367088607594937,1,189.0,0.8481
T004,C002,Senior,2026-08,26,83,180.26,0.9397590361445783,4,182.0,0.9904
T004,C002,Senior,2026-09,26,81,181.97,0.9135802469135802,1,182.0,0.9998
T005,C002,Junior,2025-01,27,43,109.98,0.9534883720930233,1,189.0,0.5819
T005,C002,Junior,2025-02,24,51,119.69,0.9607843137254902,2,168.0,0.7124
T005,C002,Junior,2025-03,26,50,122.17,0.9,2,182.0,0.6713
T005,C002,Junior,2025-04,26,55,133.35,0.8909090909090909,5,182.0,0.7327
T005,C002,Junior,2025-05,27,60,137.51,0.9,1,189.0,0.7276
T005,C002,Junior,2025-06,25,63,148.58,0.873015873015873,3,175.0,0.849
T005,C002,Junior,2025-07,27,74,184.07,0.918918918918919,5,189.0,0.9739
T005,C002,Junior,2025-08,26,66,152.32,0.9393939393939394,5,182.0,0.8369
T005,C002,Junior,2025-09,26,70,164.03,0.9285714285714286,4,182.0,0.9013
T005,C002,Junior,2025-10,27,84,204.05,0.9285714285714286,4,189.0,1.0796
T005,C002,Junior,2025-11,25,72,160.9,0.9027777777777778,4,175.0,0.9194
T005,C002,Junior,2025-12,27,67,157.38,0.8805970149253731,4,189.0,0.8327
T005,C002,Junior,2026-01,27,57,134.52,0.8947368421052632,3,189.0,0.7117
T005,C002,Junior,2026-02,24,66,144.56,0.9090909090909091,2,168.0,0.8605
T005,C002,Junior,2026-03,26,71,170.15,0.9154929577464789,4,182.0,0.9349
T005,C002,Junior,2026-04,26,68,156.59,0.9117647058823529,4,182.0,0.8604
T005,C002,Junior,2026-05,26,83,196.79,0.8313253012048193,3,182.0,1.0813
T005,C002,Junior,2026-06,26,100,245.24,0.91,10,182.0,1.3475
T005,C002,Junior,2026-07,27,96,235.31,0.9583333333333334,6,189.0,1.245
T005,C002,Junior,2026-08,26,80,199.12,0.95,6,182.0,1.0941
T005,C002,Junior,2026-09,26,93,234.61,0.8817204301075269,0,182.0,1.2891
T006,C002,Senior,2025-01,27,35,62.71,0.9714285714285714,2,189.0,0.3318
T006,C002,Senior,2025-02,24,39,86.82,0.8974358974358975,1,168.0,0.5168
T006,C002,Senior,2025-03,26,46,90.33,0.9347826086956522,3,182.0,0.4963
T006,C002,Senior,2025-04,26,40,86.62,1.0,2,182.0,0.4759
T006,C002,Senior,2025-05,27,57,113.39,1.0,0,189.0,0.5999
T006,C002,Senior,2025-06,25,48,101.85,1.0,1,175.0,0.582
T006,C002,Senior,2025-07,27,67,135.99,0.9701492537313433,2,189.0,0.7195
T006,C002,Senior,2025-08,26,57,114.55,0.9122807017543859,0,182.0,0.6294
T006,C002,Senior,2025-09,26,60,120.05,0.95,1,182.0,0.6596
T006,C002,Senior,2025-10,27,55,110.72,0.9272727272727272,3,189.0,0.5858
T006,C002,Senior,2025-11,25,53,102.1,0.9622641509433962,4,175.0,0.5834
T006,C002,Senior,2025-12,27,58,115.5,0.9482758620689655,1,189.0,0.6111
T006,C002,Senior,2026-01,27,52,107.55,0.9615384615384616,2,189.0,0.569
T006,C002,Senior,2026-02,24,53,109.43,0.9245283018867925,3,168.0,0.6514
T006,C002,Senior,2026-03,26,69,132.41,1.0,4,182.0,0.7275
T006,C002,Senior,2026-04,26,58,117.69,0.9137931034482759,0,182.0,0.6466
T006,C002,Senior,2026-05,26,66,153.05,0.8939393939393939,2,182.0,0.8409
T006,C002,Senior,2026-06,26,70,139.91,0.9285714285714286,3,182.0,0.7687
T006,C002,Senior,2026-07,27,73,149.94,0.9178082191780822,4,189.0,0.7933
T006,C002,Senior,2026-08,26,67,154.16,0.8955223880597015,3,182.0,0.847
T006,C002,Senior,2026-09,26,78,161.71,0.9487179487179487,5,182.0,0.8885
T007,C003,Mid,2025-01,27,56,116.69,0.9285714285714286,3,189.0,0.6174
T007,C003,Mid,2025-02,24,55,118.66,0.9272727272727272,2,168.0,0.7063
T007,C003,Mid,2025-03,26,57,123.42,0.9473684210526315,1,182.0,0.6781
T007,C003,Mid,2025-04,26,56,128.6,1.0,1,182.0,0.7066
T007,C003,Mid,2025-05,27,62,126.32,0.9354838709677419,3,189.0,0.6684
T007,C003,Mid,2025-06,25,76,150.29,0.9736842105263158,4,175.0,0.8588
T007,C003,Mid,2025-07,27,87,199.45,0.9080459770114943,4,189.0,1.0553
T007,C003,Mid,2025-08,26,88,203.07,0.9090909090909091,4,182.0,1.1158
T007,C003,Mid,2025-09,26,75,153.98,0.9466666666666667,5,182.0,0.846
T007,C003,Mid,2025-10,27,76,160.76,0.9078947368421053,6,189.0,0.8506
T007,C003,Mid,2025-11,25,95,201.66,0.9157894736842105,7,175.0,1.1523
T007,C003,Mid,2025-12,27,80,171.96,0.9125,2,189.0,0.9098
T007,C003,Mid,2026-01,27,90,198.33,0.9333333333333333,3,189.0,1.0494
T007,C003,Mid,2026-02,24,74,172.3,0.9324324324324325,8,168.0,1.0256
T007,C003,Mid,2026-03,26,91,192.76,0.9340659340659341,3,182.0,1.0591
T007,C003,Mid,2026-04,26,104,225.12,0.8557692307692307,7,182.0,1.2369
T007,C003,Mid,2026-05,26,111,243.4,0.918918918918919,7,182.0,1.3374
T007,C003,Mid,2026-06,26,111,245.14,0.8918918918918919,4,182.0,1.3469
T007,C003,Mid,2026-07,27,121,257.15,0.9421487603305785,6,189.0,1.3606
T007,C003,Mid,2026-08,26,140,315.07,0.95,6,182.0,1.7312
T007,C003,Mid,2026-09,26,104,226.0,0.9519230769230769,5,182.0,1.2418
T008,C003,Senior,2025-01,27,47,87.01,0.9574468085106383,3,189.0,0.4604
T008,C003,Senior,2025-02,24,53,103.11,0.9811320754716981,1,168.0,0.6138
T008,C003,Senior,2025-03,26,44,97.11,0.9545454545454546,2,182.0,0.5336
T008,C003,Senior,2025-04,26,57,122.1,0.9473684210526315,2,182.0,0.6709
T008,C003,Senior,2025-05,27,61,115.41,0.9508196721311475,3,189.0,0.6106
T008,C003,Senior,2025-06,25,60,123.04,0.9166666666666666,6,175.0,0.7031
T008,C003,Senior,2025-07,27,76,149.97,0.9342105263157895,5,189.0,0.7935
T008,C003,Senior,2025-08,26,88,184.92,0.9204545454545454,3,182.0,1.016
T008,C003,Senior,2025-09,26,69,123.41,0.9855072463768116,6,182.0,0.6781
T008,C003,Senior,2025-10,27,70,149.94,0.9142857142857143,6,189.0,0.7933
T008,C003,Senior,2025-11,25,70,142.57,0.9714285714285714,3,175.0,0.8147
T008,C003,Senior,2025-12,27,63,127.68,0.9523809523809523,2,189.0,0.6756
T008,C003,Senior,2026-01,27,87,203.89,0.9425287356321839,5,189.0,1.0788
T008,C003,Senior,2026-02,24,74,154.46,0.9594594594594594,3,168.0,0.9194
T008,C003,Senior,2026-03,26,80,180.38,0.9375,3,182.0,0.9911
T008,C003,Senior,2026-04,26,90,187.05,0.9555555555555556,5,182.0,1.0277
T008,C003,Senior,2026-05,26,90,205.02,0.9111111111111111,5,182.0,1.1265
T008,C003,Senior,2026-06,26,88,191.87,0.9090909090909091,3,182.0,1.0542
T008,C003,Senior,2026-07,27,106,241.71,0.9245283018867925,4,189.0,1.2789
T008,C003,Senior,2026-08,26,120,248.44,0.925,6,182.0,1.3651
T008,C003,Senior,2026-09,26,99,194.22,0.9595959595959596,1,182.0,1.0671
T009,C004,Mid,2025-01,27,35,69.14,1.0,2,189.0,0.3658
T009,C004,Mid,2025-02,24,41,85.0,0.8780487804878049,2,168.0,0.506
T009,C004,Mid,2025-03,26,38,76.45,0.8947368421052632,1,182.0,0.4201
T009,C004,Mid,2025-04,26,44,92.36,0.9090909090909091,4,182.0,0.5075
T009,C004,Mid,2025-05,27,48,101.26,0.9375,6,189.0,0.5358
T009,C004,Mid,2025-06,25,51,112.4,0.8431372549019608,2,175.0,0.6423
T009,C004,Mid,2025-07,27,52,115.0,0.9230769230769231,2,189.0,0.6085
T009,C004,Mid,2025-08,26,55,117.26,0.9454545454545454,4,182.0,0.6443
T009,C004,Mid,2025-09,26,56,125.67,0.8928571428571429,3,182.0,0.6905
T009,C004,Mid,2025-10,27,53,100.28,0.9622641509433962,2,189.0,0.5306
T009,C004,Mid,2025-11,25,62,159.92,0.9032258064516129,0,175.0,0.9138
T009,C004,Mid,2025-12,27,47,108.99,0.8723404255319149,0,189.0,0.5767
T009,C004,Mid,2026-01,27,63,150.96,0.9365079365079365,2,189.0,0.7987
T009,C004,Mid,2026-02,24,46,99.11,0.8913043478260869,2,168.0,0.5899
T009,C004,Mid,2026-03,26,65,117.97,0.9692307692307692,0,182.0,0.6482
T009,C004,Mid,2026-04,26,62,136.12,0.9354838709677419,0,182.0,0.7479
T009,C004,Mid,2026-05,26,85,183.18,0.9529411764705882,2,182.0,1.0065
T009,C004,Mid,2026-06,26,69,149.65,0.9420289855072463,3,182.0,0.8223
T009,C004,Mid,2026-07,27,73,159.31,0.8767123287671232,4,189.0,0.8429
T009,C004,Mid,2026-08,26,82,197.64,0.8170731707317073,6,182.0,1.0859
T009,C004,Mid,2026-09,26,65,139.22,0.9230769230769231,4,182.0,0.7649
T010,C004,Senior,2025-01,27,24,44.07,0.9583333333333334,0,189.0,0.2332
T010,C004,Senior,2025-02,24,23,44.3,1.0,0,168.0,0.2637
T010,C004,Senior,2025-03,26,37,72.5,0.972972972972973,0,182.0,0.3984
T010,C004,Senior,2025-04,26,34,78.72,1.0,2,182.0,0.4325
T010,C004,Senior,2025-05,27,44,97.34,0.9772727272727273,2,189.0,0.515
T010,C004,Senior,2025-06,25,45,98.33,0.9333333333333333,0,175.0,0.5619
T010,C004,Senior,2025-07,27,46,89.27,0.9130434782608695,0,189.0,0.4723
T010,C004,Senior,2025-08,26,53,101.51,0.9622641509433962,0,182.0,0.5577
T010,C004,Senior,2025-09,26,54,104.96,0.9259259259259259,0,182.0,0.5767
T010,C004,Senior,2025-10,27,54,113.46,0.9814814814814815,1,189.0,0.6003
T010,C004,Senior,2025-11,25,40,88.14,0.925,1,175.0,0.5037
T010,C004,Senior,2025-12,27,41,86.42,0.9024390243902439,0,189.0,0.4572
T010,C004,Senior,2026-01,27,55,109.88,0.9454545454545454,2,189.0,0.5814
T010,C004,Senior,2026-02,24,38,77.6,0.9736842105263158,1,168.0,0.4619
T010,C004,Senior,2026-03,26,54,122.77,0.9629629629629629,3,182.0,0.6746
T010,C004,Senior,2026-04,26,56,114.67,0.9285714285714286,1,182.0,0.6301
T010,C004,Senior,2026-05,26,58,130.83,0.9482758620689655,2,182.0,0.7188
T010,C004,Senior,2026-06,26,52,103.17,0.9423076923076923,2,182.0,0.5669
T010,C004,Senior,2026-07,27,67,146.12,0.9104477611940298,1,189.0,0.7731
T010,C004,Senior,2026-08,26,88,185.44,0.9545454545454546,5,182.0,1.0189
T010,C004,Senior,2026-09,26,76,152.3,0.9210526315789473,1,182.0,0.8368
T011,C005,Senior,2025-01,27,39,72.4,0.9743589743589743,1,189.0,0.3831
T011,C005,Senior,2025-02,24,32,59.12,0.96875,1,168.0,0.3519
T011,C005,Senior,2025-03,26,51,97.87,0.9019607843137255,2,182.0,0.5377
T011,C005,Senior,2025-04,26,38,69.7,0.9736842105263158,1,182.0,0.383
T011,C005,Senior,2025-05,27,35,69.79,0.9428571428571428,0,189.0,0.3693
T011,C005,Senior,2025-06,25,39,80.59,0.9230769230769231,2,175.0,0.4605
T011,C005,Senior,2025-07,27,56,107.19,0.9821428571428571,3,189.0,0.5671
T011,C005,Senior,2025-08,26,58,121.56,0.9827586206896551,1,182.0,0.6679
T011,C005,Senior,2025-09,26,52,100.02,1.0,0,182.0,0.5496
T011,C005,Senior,2025-10,27,64,130.79,0.890625,1,189.0,0.692
T011,C005,Senior,2025-11,25,47,94.37,0.9361702127659575,1,175.0,0.5393
T011,C005,Senior,2025-12,27,34,73.6,0.9117647058823529,0,189.0,0.3894
T011,C005,Senior,2026-01,27,58,117.66,0.9310344827586207,3,189.0,0.6225
T011,C005,Senior,2026-02,24,62,115.23,0.967741935483871,2,168.0,0.6859
T011,C005,Senior,2026-03,26,59,114.28,0.9661016949152542,0,182.0,0.6279
T011,C005,Senior,2026-04,26,57,114.69,0.9473684210526315,3,182.0,0.6302
T011,C005,Senior,2026-05,26,64,117.88,0.921875,1,182.0,0.6477
T011,C005,Senior,2026-06,26,77,152.49,0.922077922077922,1,182.0,0.8379
T011,C005,Senior,2026-07,27,85,159.01,0.9882352941176471,2,189.0,0.8413
T011,C005,Senior,2026-08,26,79,149.4,0.9620253164556962,3,182.0,0.8209
T011,C005,Senior,2026-09,26,62,128.95,0.967741935483871,2,182.0,0.7085
T012,C005,Master,2025-01,27,24,43.82,0.9583333333333334,2,189.0,0.2319
T012,C005,Master,2025-02,24,15,26.56,1.0,0,168.0,0.1581
T012,C005,Master,2025-03,26,36,63.05,1.0,1,182.0,0.3464
T012,C005,Master,2025-04,26,30,55.35,1.0,1,182.0,0.3041
T012,C005,Master,2025-05,27,28,53.78,0.9285714285714286,0,189.0,0.2846
T012,C005,Master,2025-06,25,38,72.09,0.9736842105263158,0,175.0,0.4119
T012,C005,Master,2025-07,27,47,87.14,0.9574468085106383,0,189.0,0.4611
T012,C005,Master,2025-08,26,45,75.87,0.9777777777777777,4,182.0,0.4169
T012,C005,Master,2025-09,26,40,70.66,0.95,1,182.0,0.3882
T012,C005,Master,2025-10,27,42,90.94,0.9047619047619048,1,189.0,0.4812
T012,C005,Master,2025-11,25,48,84.3,1.0,2,175.0,0.4817
T012,C005,Master,2025-12,27,45,89.63,0.9333333333333333,3,189.0,0.4742
T012,C005,Master,2026-01,27,50,91.69,0.94,3,189.0,0.4851
T012,C005,Master,2026-02,24,43,81.7,1.0,2,168.0,0.4863
T012,C005,Master,2026-03,26,46,79.98,0.9782608695652174,2,182.0,0.4395
T012,C005,Master,2026-04,26,60,106.68,1.0,3,182.0,0.5862
T012,C005,Master,2026-05,26,58,96.68,0.9827586206896551,2,182.0,0.5312
T012,C005,Master,2026-06,26,75,141.48,0.9466666666666667,6,182.0,0.7774
T012,C005,Master,2026-07,27,74,132.82,0.9324324324324325,4,189.0,0.7028
T012,C005,Master,2026-08,26,59,120.6,0.9491525423728814,3,182.0,0.6626
T012,C005,Master,2026-09,26,60,119.55,0.9333333333333333,0,182.0,0.6569
T013,C006,Junior,2025-01,27,47,129.1,0.8723404255319149,2,189.0,0.6831
T013,C006,Junior,2025-02,24,47,109.96,0.9361702127659575,4,168.0,0.6545
T013,C006,Junior,2025-03,26,63,151.73,0.8888888888888888,2,182.0,0.8337
T013,C006,Junior,2025-04,26,54,131.11,0.8888888888888888,2,182.0,0.7204
T013,C006,Junior,2025-05,27,57,129.86,0.9122807017543859,1,189.0,0.6871
T013,C006,Junior,2025-06,25,75,173.64,0.8533333333333334,8,175.0,0.9922
T013,C006,Junior,2025-07,27,82,215.79,0.8780487804878049,6,189.0,1.1417
T013,C006,Junior,2025-08,26,77,172.4,0.922077922077922,7,182.0,0.9473
T013,C006,Junior,2025-09,26,65,166.3,0.8769230769230769,7,182.0,0.9137
T013,C006,Junior,2025-10,27,88,197.59,0.9545454545454546,4,189.0,1.0454
T013,C006,Junior,2025-11,25,75,178.8,0.96,3,175.0,1.0217
T013,C006,Junior,2025-12,27,80,188.31,0.875,6,189.0,0.9963
T013,C006,Junior,2026-01,27,95,235.38,0.8842105263157894,5,189.0,1.2454
T013,C006,Junior,2026-02,24,72,180.92,0.8611111111111112,3,168.0,1.0769
T013,C006,Junior,2026-03,26,87,219.64,0.8735632183908046,5,182.0,1.2068
T013,C006,Junior,2026-04,26,86,205.59,0.9418604651162791,3,182.0,1.1296
T013,C006,Junior,2026-05,26,94,232.7,0.925531914893617,5,182.0,1.2786
T013,C006,Junior,2026-06,26,98,242.89,0.9285714285714286,5,182.0,1.3346
T013,C006,Junior,2026-07,27,129,320.49,0.8682170542635659,5,189.0,1.6957
T013,C006,Junior,2026-08,26,110,287.48,0.9181818181818182,4,182.0,1.5796
T013,C006,Junior,2026-09,26,102,242.5,0.9117647058823529,3,182.0,1.3324
T014,C006,Mid,2025-01,27,45,100.79,0.9555555555555556,2,189.0,0.5333
T014,C006,Mid,2025-02,24,58,140.81,0.9655172413793104,2,168.0,0.8382
T014,C006,Mid,2025-03,26,53,119.56,0.9245283018867925,2,182.0,0.6569
T014,C006,Mid,2025-04,26,59,137.35,0.9661016949152542,6,182.0,0.7547
T014,C006,Mid,2025-05,27,64,126.13,0.9375,4,189.0,0.6674
T014,C006,Mid,2025-06,25,69,169.23,0.9420289855072463,1,175.0,0.967
T014,C006,Mid,2025-07,27,66,155.45,0.9242424242424242,4,189.0,0.8225
T014,C006,Mid,2025-08,26,79,169.79,0.9493670886075949,4,182.0,0.9329
T014,C006,Mid,2025-09,26,84,177.2,0.9047619047619048,4,182.0,0.9736
T014,C006,Mid,2025-10,27,78,159.07,0.9358974358974359,1,189.0,0.8416
T014,C006,Mid,2025-11,25,83,187.5,0.9156626506024096,6,175.0,1.0714
T014,C006,Mid,2025-12,27,65,147.32,0.8923076923076924,2,189.0,0.7795
T014,C006,Mid,2026-01,27,78,190.86,0.9230769230769231,4,189.0,1.0098
T014,C006,Mid,2026-02,24,68,155.55,0.8970588235294118,4,168.0,0.9259
T014,C006,Mid,2026-03,26,87,192.47,0.896551724137931,4,182.0,1.0575
T014,C006,Mid,2026-04,26,86,181.15,0.9069767441860465,7,182.0,0.9953
T014,C006,Mid,2026-05,26,100,235.65,0.95,6,182.0,1.2948
T014,C006,Mid,2026-06,26,110,232.12,0.9363636363636364,10,182.0,1.2754
T014,C006,Mid,2026-07,27,119,286.72,0.8823529411764706,14,189.0,1.517
T014,C006,Mid,2026-08,26,93,233.77,0.9247311827956989,3,182.0,1.2845
T014,C006,Mid,2026-09,26,96,204.89,0.9166666666666666,2,182.0,1.1258
T015,C007,Master,2025-01,27,21,49.24,0.9523809523809523,1,189.0,0.2605
T015,C007,Master,2025-02,24,24,44.94,1.0,1,168.0,0.2675
T015,C007,Master,2025-03,26,48,99.5,0.9583333333333334,1,182.0,0.5467
T015,C007,Master,2025-04,26,38,84.04,0.9210526315789473,3,182.0,0.4618
T015,C007,Master,2025-05,27,52,107.75,0.9807692307692307,2,189.0,0.5701
T015,C007,Master,2025-06,25,51,97.9,0.9607843137254902,2,175.0,0.5594
T015,C007,Master,2025-07,27,58,115.0,0.9827586206896551,4,189.0,0.6085
T015,C007,Master,2025-08,26,55,103.09,0.9818181818181818,2,182.0,0.5664
T015,C007,Master,2025-09,26,55,111.64,0.9272727272727272,1,182.0,0.6134
T015,C007,Master,2025-10,27,55,118.22,0.9090909090909091,3,189.0,0.6255
T015,C007,Master,2025-11,25,43,91.52,0.9767441860465116,3,175.0,0.523
T015,C007,Master,2025-12,27,52,106.72,0.9615384615384616,2,189.0,0.5647
T015,C007,Master,2026-01,27,61,123.67,0.9508196721311475,5,189.0,0.6543
T015,C007,Master,2026-02,24,50,97.02,0.98,2,168.0,0.5775
T015,C007,Master,2026-03,26,67,134.43,0.9701492537313433,2,182.0,0.7386
T015,C007,Master,2026-04,26,64,144.74,0.96875,1,182.0,0.7953
T015,C007,Master,2026-05,26,65,144.8,0.9230769230769231,4,182.0,0.7956
T015,C007,Master,2026-06,26,82,152.06,0.9634146341463414,1,182.0,0.8355
T015,C007,Master,2026-07,27,75,149.15,0.9733333333333334,5,189.0,0.7892
T015,C007,Master,2026-08,26,64,122.33,0.96875,4,182.0,0.6721
T015,C007,Master,2026-09,26,76,146.61,0.9736842105263158,3,182.0,0.8055
T016,C007,Junior,2025-01,27,48,113.47,0.8958333333333334,3,189.0,0.6004
T016,C007,Junior,2025-02,24,48,102.44,0.9791666666666666,3,168.0,0.6098
T016,C007,Junior,2025-03,26,66,161.76,0.8939393939393939,2,182.0,0.8888
T016,C007,Junior,2025-04,26,59,142.57,0.9661016949152542,1,182.0,0.7834
T016,C007,Junior,2025-05,27,69,161.27,0.8840579710144928,2,189.0,0.8533
T016,C007,Junior,2025-06,25,76,171.06,0.9078947368421053,8,175.0,0.9775
T016,C007,Junior,2025-07,27,76,181.25,0.9210526315789473,5,189.0,0.959
T016,C007,Junior,2025-08,26,65,139.32,0.9230769230769231,3,182.0,0.7655
T016,C007,Junior,2025-09,26,85,208.98,0.8941176470588236,9,182.0,1.1482
T016,C007,Junior,2025-10,27,81,182.9,0.9506172839506173,3,189.0,0.9677
T016,C007,Junior,2025-11,25,60,147.69,0.9166666666666666,2,175.0,0.8439
T016,C007,Junior,2025-12,27,74,170.24,0.9594594594594594,5,189.0,0.9007
T016,C007,Junior,2026-01,27,75,173.09,0.88,4,189.0,0.9158
T016,C007,Junior,2026-02,24,66,158.88,0.9090909090909091,2,168.0,0.9457
T016,C007,Junior,2026-03,26,95,225.84,0.8526315789473684,6,182.0,1.2409
T016,C007,Junior,2026-04,26,85,210.87,0.8470588235294118,2,182.0,1.1586
T016,C007,Junior,2026-05,26,84,199.59,0.8690476190476191,6,182.0,1.0966
T016,C007,Junior,2026-06,26,116,293.11,0.9224137931034483,15,182.0,1.6105
T016,C007,Junior,2026-07,27,122,291.3,0.9180327868852459,9,189.0,1.5413
T016,C007,Junior,2026-08,26,99,243.3,0.898989898989899,4,182.0,1.3368
T016,C007,Junior,2026-09,26,130,315.26,0.8923076923076924,5,182.0,1.7322
T017,C008,Senior,2025-01,27,26,59.78,0.9615384615384616,2,189.0,0.3163
T017,C008,Senior,2025-02,24,33,63.99,0.9393939393939394,1,168.0,0.3809
T017,C008,Senior,2025-03,26,43,82.9,0.9767441860465116,1,182.0,0.4555
T017,C008,Senior,2025-04,26,33,72.41,0.9393939393939394,0,182.0,0.3979
T017,C008,Senior,2025-05,27,41,78.85,0.975609756097561,0,189.0,0.4172
T017,C008,Senior,2025-06,25,43,92.61,0.9302325581395349,3,175.0,0.5292
T017,C008,Senior,2025-07,27,45,88.17,0.9777777777777777,1,189.0,0.4665
T017,C008,Senior,2025-08,26,60,124.1,0.9666666666666667,1,182.0,0.6819
T017,C008,Senior,2025-09,26,49,98.68,0.9591836734693877,1,182.0,0.5422
T017,C008,Senior,2025-10,27,47,94.46,0.9787234042553191,1,189.0,0.4998
T017,C008,Senior,2025-11,25,45,92.94,0.9111111111111111,0,175.0,0.5311
T017,C008,Senior,2025-12,27,41,82.51,0.926829268292683,1,189.0,0.4366
T017,C008,Senior,2026-01,27,42,80.28,0.9285714285714286,1,189.0,0.4248
T017,C008,Senior,2026-02,24,54,103.81,0.9259259259259259,0,168.0,0.6179
T017,C008,Senior,2026-03,26,50,92.64,0.92,2,182.0,0.509
T017,C008,Senior,2026-04,26,53,89.92,0.9433962264150944,1,182.0,0.4941
T017,C008,Senior,2026-05,26,63,114.76,0.9523809523809523,2,182.0,0.6305
T017,C008,Senior,2026-06,26,69,145.24,0.927536231884058,3,182.0,0.798
T017,C008,Senior,2026-07,27,77,154.9,0.948051948051948,5,189.0,0.8196
T017,C008,Senior,2026-08,26,72,131.85,0.9583333333333334,6,182.0,0.7245
T017,C008,Senior,2026-09,26,70,151.26,1.0,1,182.0,0.8311
T018,C008,Senior,2025-01,27,28,54.27,0.8571428571428571,1,189.0,0.2871
T018,C008,Senior,2025-02,24,30,58.93,0.9666666666666667,1,168.0,0.3508
T018,C008,Senior,2025-03,26,33,75.47,1.0,2,182.0,0.4147
T018,C008,Senior,2025-04,26,31,61.36,0.967741935483871,1,182.0,0.3371
T018,C008,Senior,2025-05,27,37,69.99,0.9459459459459459,2,189.0,0.3703
T018,C008,Senior,2025-06,25,48,102.1,0.875,3,175.0,0.5834
T018,C008,Senior,2025-07,27,46,79.45,1.0,1,189.0,0.4204
T018,C008,Senior,2025-08,26,53,107.1,0.9245283018867925,6,182.0,0.5885
T018,C008,Senior,2025-09,26,47,100.84,0.9361702127659575,0,182.0,0.5541
T018,C008,Senior,2025-10,27,55,111.91,0.9818181818181818,3,189.0,0.5921
T018,C008,Senior,2025-11,25,57,108.16,0.9649122807017544,0,175.0,0.6181
T018,C008,Senior,2025-12,27,46,84.74,0.9565217391304348,2,189.0,0.4484
T018,C008,Senior,2026-01,27,46,92.79,0.9782608695652174,2,189.0,0.491
T018,C008,Senior,2026-02,24,57,120.34,0.9122807017543859,1,168.0,0.7163
T018,C008,Senior,2026-03,26,54,116.39,0.9814814814814815,2,182.0,0.6395
T018,C008,Senior,2026-04,26,55,108.49,0.9272727272727272,4,182.0,0.5961
T018,C008,Senior,2026-05,26,58,119.75,0.9310344827586207,2,182.0,0.658
T018,C008,Senior,2026-06,26,63,125.07,0.9841269841269841,2,182.0,0.6872
T018,C008,Senior,2026-07,27,82,162.65,0.9634146341463414,2,189.0,0.8606
T018,C008,Senior,2026-08,26,85,172.63,0.9176470588235294,7,182.0,0.9485
T018,C008,Senior,2026-09,26,65,118.7,0.9692307692307692,1,182.0,0.6522
